company_id_left,company_id_right
1e87fc75b4,0008e07878
810c9c3435,8bf51ba8a0
571dfb67e2,90b6db7ed3
d67d97da08,b0c68f1152
22ac99ae20,e9823a3073
17d985a2a9,593c86c712
94b5b72b34,fe9da2c9c0
c1308f11ef,d2b4fcb3b9
5035aea0e2,32ff30fce4
c07d00a0bc,96ccff14f0
04d4f1304a,cab76e9bfa
982fe71b1b,cb9a217b8b
559b6fa632,079a9fce2b
d3f9921b00,9b5871eb41
032ba76e05,c4ea40269b
909b93738c,4037d9d97f
f4686fd499,b46132da5d
63901d8974,d1cafdddb2
f9b647c18e,2acdcd2cd1
6a84f10378,662e8236ae
119faa4201,e0abd29a6d
d759fb6b6b,c458dc4289
03d559a18b,dbe2526e6d
5bcbcec7e3,bb3b3f8288
2f44dca48a,f577566b04
6558c7b7ff,b345e42bd2
7366631a01,2acd0e5ee0
3fbad4ed86,eeb8301308
81ff66769a,84404a1d31
8c13db8f45,980972632e
d55cad66e6,82e966294d
217790f5f5,844a489998
894c31a523,4d6ff1e26e
71367e7e47,4d5e93f6a2
4c052485b4,6920f8adc3
1c00a08942,ba47676589
e13b5e8a33,f6b0a51d63
5064483e19,ed23dee1b0
eed01b3585,89a4aab0b8
34106eb84b,13a27524b6
91401f51bc,3254c7650c
74d8e722eb,a93a42060d
1602d4619f,971d2f7f3b
7ea788c0cb,69bb9b16f5
98358f7ceb,6f3edf941a
c7730bef8d,ea1e1962f1
d01b8b29dc,53a7e34add
d7f6260663,564635ceb5
69c7cf696f,59848f766d
49533056ca,6c946aa4e8
3b55a74a75,7ec3381c0e
d33594bde4,3e219b0efc
f133427970,6a98d90312
bfdde70dcf,2f239025ad
84ed29c72e,a510758d6a
310b5c8dbd,6a75b1d39b
2a65848a19,5a1475910c
1605b61c8b,2ec0ea3596
0c9ebecd99,9c65b347e6
40c3074f20,e3b49869b5
55c8fa6128,2cf003dd0d
f4e85154ef,cc9ef6ccb9
bc8c4b97de,c6a353c5af
c0860e558a,53fe4268e4
7f611f87fa,bbf8514fa3
dc1355c6ed,dd1cdde082
a20951112a,73590cdef4
c9a65c8697,0ba6c57f54
86acd3282f,26099e2636
b2fab544cf,464ab32c4d
848c285327,1a463c96db
f06696a80e,76034075ff
c2c991c72f,e97e7983fb
cdc575b03d,e1cbbd61bc
f2758ec7fc,2e06ddb9cd
d61309a706,0509a2e083
2bfef445bc,afd2208698
3af7b0fd21,f18bb252d3
aeba03febb,959dd7a9fb
def8032d9c,c5c48b12e9
312f0ff415,9f2ec5a9d4
5a97951c71,feddd2ad10
3eaadbf06c,11c8b93e78
772ca70166,933e7584db
566bc99cc3,1d9b4f34eb
da6a9841be,e9d1f68e37
0985f7a8d4,4fcf3a149a
fd75f58f24,43325deecf
8ba1bf443d,cd67cec7b3
55b8c53bd6,be2252df42
d4788a72fa,bc0194926c
659d261aab,93d59dcf71
3c2d695ae9,06d6072f57
5a9f70ebb8,b721503a08
a456f24b55,b90b6987f4
cc4dd11d78,7c27afc350
7c4a0e4c0b,310bcbf2f8
ffdb6e1d01,b4d5ee78b1
a5de8afc45,fe3dc0b19a
cdd89f51d6,9334fa3fc9
26d0bc3e82,ee5acad5ed
09350603d3,9b438105ac
92413196dc,c99669f825
f5d8203aad,c68ffc2f86
6cc52e1e2a,8e9b0785e4
ce25464b61,e6322d127a
25c0ce0223,7d049fcd10
da663c7105,ff65b1b752
1b02fc8186,67c5e1d6f5
0bab236590,09cb0254a9
e77ab8f0ca,b3b45be550
9f048cb8cb,4eeb70c773
8df32c388b,0aa6321431
cdf5dcfa11,f93178221a
77a72b74a9,768da25103
80cf0d9f90,b6cf33df1e
c5d12ce670,8e2f454115
e3a785d015,4834085be1
b7f0822366,2cd0ec3de4
dad0d7dfd6,a3b4b638bc
388bedac6f,4569ad7509
0c0756a041,5b6e8a6404
c2a17833f4,ce0b840b85
583f1cd2bd,659fd46495
42b21417c3,f97237c668
9a27996591,20f12fa688
de88c636dc,a9720f2606
865293f1c1,fac1b68d7d
0b9d54fe8a,6840fdeedc
acb68fd0a2,9a6eeda1c2
d659563c04,28058fffbb
aa6b3d0b29,92f0ea6ae7
74ea39ca54,a92724dff8
6037a2dda0,cb75eeaca0
d424e3fc74,4054cab4b1
8419dcd29e,8e1599f212
dcd1cdb2ce,f4456d2e0e
ea78032e31,a303e08e4f
5949911802,28d0d7970b
73eeb811ba,248b0f2fd5
9d3a2f0ed4,9fc2e2671f
6bfa90a72e,28384c876e
97a6f1ef1a,83f375b946
071b33dc61,26169369d1
2668c273b9,e6a98d9503
56a47e737e,ac6fdf0337
4195f0002e,2cc6db0a7b
c6c77e0d8b,baf8eb32a8
fe83be5b36,e06bf24557
0d7f02512f,a7a43e7da2
cc79625aad,fb849d00db
7cd6a8cb4c,ac52dc43d6
769631e9d7,ad4e324426
384c1fa0f7,b44538ec47
ae3ad97907,8aea7ca551
5740d576b1,cf8bbe593e
e2c624f490,43ce176d53
4a494f0cbb,699f954e67
5ab35d6914,e14c53db2f
00ce66e5a8,6ed393b0a9
a2852cf39c,f4cbbfe2d8
073e8e4210,385dbeb11f
8f64e3d5f7,4a5cb3b7bf
4a2368d025,4860727dc7
fcb67b46f3,45515f656b
9a39fa1d2a,8d0a399c7d
e974e6410f,85b5bc2f21
7a52471263,924e258560
25c5a4eb02,599a0f2e12
d5bb93cb73,5953aac25f
4171c207f5,ceb2bd899d
67a2e19d71,73174e7c6e
1ed8501d80,dd70e3f1c5
407946343f,c409a8914d
f6349d72cb,dd37a97596
ac3958bd10,83e9fe6fb7
97b5fbe0f7,6695caa320
23bd1b32b6,3ff2d1f6f5
4b40c221e2,b344137af2
b96f201d57,1351aaf2f7
7edc9eea99,3a5f025b4a
5337eb0f36,0b1e1f6da9
d641aeeb41,cdbc6dea54
5fcec7aec7,323b218eb7
c62ef47cb7,c6cb769964
819b359bb1,b8890637e6
57fc478a2b,f047847905
e1fb1970c9,8694afc59b
c1948f8204,2b5ced227e
44576dd2b0,563187637a
52c943aaaf,6b435b2947
434a2956cb,86c3d53a3c
cfde9d172a,e8af264828
80648f83e7,e860c3771c
b0f0555991,462d40014c
df6d7de01d,15aceae0d1
2aa3be15a3,1643e31d31
cbbbfe7132,a3e41d1bdc
aac788c7f2,3dd1e7a141
a02769fb0b,b96aacfcb9
4afd1c013b,4b2479a94b
514c420e43,4ade139aca
fe916d7af5,3c0009c484
ee7af9a399,3e17983c24
7956818de3,49e02c714d
836f685969,4152c01fbf
7f3352c083,08dffab734
75c0893225,3018b5f00f
fdc951b698,52c299fc0e
536d659f0c,8c10118aaa
7d8a496463,25ee108e0d
c01169136a,cb33d6c1f7
7a36c74167,458e06b59a
4ef18688cb,1e461e8ac2
8c680ae9fe,6404f6627b
0368dfd3e4,0562ddb063
921a782289,899bce2d83
d51a45625a,703fa5e749
12ba5b6f51,2c19fed215
ecbabb367b,95c90dc34c
84900485b2,0cd724da70
e9d3bdfe5f,1f05d35b9f
f7d8a5f523,cfacbaf683
14ff251723,051a1869a4
d06e2f3841,ba66dda031
5024722dd2,2e82936744
22cf5277db,225fc384e7
3539e5a1cc,c770e33fd0
d4e6dd6a74,b3bb123d18
0f855408c3,8dc25a9f53
34a24c5267,6ce13a59c5
9fddd07faf,9f8cc5a27f
9a4028c99f,8f3f36d07e
943f73a7d0,30c205328e
b6080871b5,3afd1b1a07
56d56cba8c,452ebb47df
e4a23f2b69,e8dd34b362
ed6f5e7409,e863db59a9
58039a3971,1ba5a4a600
f666c2a4db,d0525094ee
63d8362e70,ef1e80945b
dd1463f550,60aced7d5e
3399dfb5b4,7036494a2b
87ae6b8c96,4ab0a08711
8ce490ae2f,9e44dbe752
ac8fba66b1,4a4d6f28e7
2e4c040cee,1410e01e52
550b8ccfc1,c2a1bb6f2b
bf80d42422,b7bd90670c
f68360ce97,eef16f6d96
1070ee64f8,eacf450ff6
107131c481,366161f153
1074d825b1,a76c275482
1086f29484,37978ed2a4
1090024903,0876090d9a
10a4772924,6c19634459
10af0f745a,b4ad820eaa
10b0eb50ea,15a540a7c7
10b5e909a0,249d8a4a95
10c67005e8,7bbfdd115d
10d051f63b,f0228a7fc8
10d4965929,4dfc48e092
10d4975caa,29b95c3a9d
10d8827c3e,91f4976452
10dcdeb85a,46c40d9d16
10e10a8ddb,f7fa4a3331
10e2df66b5,5b96ca17c8
10e3bf0bf8,40b149799f
10ec82a135,723f004c61
10f049529d,1bfd85a778
10f2032243,655878daee
110646331c,82bb9ecbba
11175fe0dc,0e08aaf47a
111df9e1ed,096a99cb3e
112b9343f6,efe6b74b5e
11350789af,20d8f6ff52
113d60fb1b,22f50f9c73
1148421959,fcff3d1510
114c4612d7,5537abf927
115758d11c,2635898931
115a8a0452,5ca4f0d314
116490d8af,954c9f90eb
11651ccc76,38dee1e269
1169a5ace3,d1ecedb840
116a9d8c15,34f5e58a96
116bad2742,8ccc443c88
11724d7e1c,b8482b4bd9
117770f546,8194d151f7
1198c8fec8,3cc15ad743
11a710906e,e0b020d985
11a7213b8a,1fdf201a87
11ac25b8a4,b81b0d0e36
11b495e9eb,9a76d58ad7
11bd54b939,686c5f128a
11c64c68c9,a051d48bab
11d0782705,09b3f0786b
11d10080c1,678560f141
11d45540cb,70c00f8844
11d5e6c92a,8c57b86705
11ee59d254,d3f8927b15
11f43e9aa8,d40eb5accd
11f8fb3631,5349144238
11f923fbdc,78a964c6dc
120b2b3298,78f7a8b32d
120f939f94,4711368bce
12190a9b62,b8c98799c0
121b4f02ee,6ebcfe32dc
121baa2c9d,caeddf0f64
121c78fad2,8d6c2358e4
121e90554f,0e07067d56
1223ed573a,08fe9cb16d
122acbd227,4dfb0d8f3f
1230ce12a6,10ba24db6f
123cd7d896,05796e039e
124b3d29bb,426b28a766
124df91174,72988517af
1254318577,f6cd3330ca
1255297867,d43aaaa15a
125b1bce18,5b3546610c
125f0c5a77,176055e0f1
1267021fd6,209055183d
12682b5ed2,c64ea85cfb
126da9d8b2,8a0ec1e56a
1275ff9220,bfe7c280e6
8a1a23d5ca,c939f41bec
8517b38232,4b20b9d49b
8ca7a44d2f,c39c0cf7ea
3e2262646b,d7d4bea278
7ccbd579a2,45589c2842
dd05d4b140,9a39665db0
adfac56141,3e6914a7c6
63eac6d3e2,3e5955a7d0
6e53a18068,dbe98155bf
4d301308b8,cbfeef4477
dcbb54cb8b,8a25a9e562
cb6222b312,cd07f582ae
10f2ddd259,c5441f0958
d3204ff2e1,fc8b522e72
57bbb1ee7c,3663e6a2d0
3e8da27530,92c6a086da
389926e912,9b3ac62552
c7c41f3438,76d5792d0a
547a3d8a16,940ec5bcce
6a15551af5,966a866590
5e550d3e6d,de2bc1bcf3
59ff8175e1,fe988c02b5
69a9e6eadc,9076f963c4
9b35779807,8d40dc76c0
849bd118d4,37e9fbc4a8
a168b205c4,cef1c4a4cd
b2dbc65087,49067a7208
96afc96236,5a33e9edc7
cc9eea972c,e85d5c7361
66fb7ea658,767747b2e6
f92e36c2b1,c2bcd97560
7caefc31db,57ee9d8c03
00d74f0e0b,3a50b36f26
0f28f805c0,43587167af
97817c7432,ce0225aabb
0b4477a960,3cab7bb77f
269dd00eb5,fb0bdb8cf3
1dc9af03ac,3692e2bbec
8175eab5b7,9ec111a2a8
a71f011474,4fe448d690
4dc7a7c43d,0bd61baf2d
8857856dac,e98c282a8e
7f02bd77de,a8ef01b7a2
166d68da9d,8228a70568
fb43778a66,228a8bdba4
2977a3e821,870542bd42
f23fe419c2,bb0435a4ae
61492dece5,8172203674
80240b4469,bda43f49da
8310028335,d166c1937b
b1722e18de,b66235c6c6
4a8a179b68,ad2bf7effc
fe2c89e41e,636fcaa5b3
6f62d69045,789b16aa87
fdf0149018,d15d7f980f
f58d7f7be9,49e8976d32
600592300c,c1cd83db81
4bcc2e61d1,81abe5d724
3043fc16a3,eb0644159e
899d267d2d,cb3d6b7075
31429a4597,317bb1eb84
7072abbb21,2588a8a56a
0daa680c86,b5f313b8db
7c20d7d4e3,90197aca2f
b4a3b2e5ef,e74188d643
029832df3c,127292ac62
e3e639325e,f66c6c687d
3026686f23,b1095f3f65
3990e75aa5,d8a53055cb
26b1004c22,cf5b893c76
f724defc48,26164318ea
bba6e306a4,820499e635
c49e311a83,e295f2bfe7
54b721af36,def73f2edf
9f538ca833,5f380dfaa4
67ebd6a634,e7255186a0
8caa2bcaba,962cdaf4f7
3de13a18db,2a75ca6fb3
99f31ca373,e1d72ea84f
4afa23a2e3,9c073d765d
c45010854d,af7c46f7ea
e35bf5eab3,90528f0860
ff36e861a6,403b8f99d0
eae39c9ca6,a404758666
146ca6aff3,e1230649b1
507d14a4d6,643aedf93f
895ad0fd8a,3912286aae
689a2e60bb,7c20fb02f2
5e031117fa,dca9d723ea
3515b1b0b7,9206fb7022
44ff14f2a0,96ecb6675c
11dc69e82c,c89b029095
ef1728d25d,3b090fc806
197dc3482b,6edb1225d3
2eece3dd52,008fbe2454
55db2f7de6,c8f93204be
2026e328c6,b291605caa
2753b15213,7d36496273
652308f452,8cbbadbbba
060aa3edc0,0a1e2ae043
5e275f4aa4,b824347e2b
b181133453,4a6f0b8eaa
a254ec5fca,58630b6eb6
b377da2558,cac8961370
963038a057,115b8d8ee0
685974eca0,694f716c1f
33eb05bedb,40243c7b6e
720555fedd,fb5f997d17
8ec865b46b,de303fc27c
3f7dfd640a,2ccfe480bc
942e3d844a,c1275d4491
f325e66991,f9da6d4c68
b5b0ecf24f,c57e4d8fb0
3697787bff,96f11f49f5
fa2448e681,93e1112b24
6622af2278,0528d21b30
9ea5c0b223,c9b591dee2
63660ab90e,bf224fcf9f
0c9cd433b8,8119e5912d
a95e9a7b74,8b2d775934
6e3df1d769,23740c0559
a95923c54e,60406e27e0
25433713d5,ea6a2280ca
ffd48bbb01,940be47614
fabe7a534f,3a97a1af51
96d29ff9b9,1a25c4c30b
c14a4d9345,a5aff29c10
463b954427,4056bc6fe2
3f59fee4bf,dacfe6aa64
810ae9dd37,a83c09fa69
a00485b1a5,321aa569f3
688a0b14e5,bfd0c3fe68
8cafbf756f,b127a5af15
918bd7104b,bc0233aea9
990014bcc0,80b8514976
86c2450bc0,1fe82b3a23
da9f9e3919,9a5314c429
340715097f,0fc4d29f22
b0e14bc149,fbe31afce6
519581deb0,abfc22c6dd
84cc9328b4,d33d4113f9
62c037651a,2439534ea3
46beb1f356,8c5148ff2e
5887d3c1c8,bbef5dea9c
6380eca9c8,74d628ce33
ee8baaa4f1,4102782376
3fbbc6c2d5,56354a77f4
3b8aac9890,184a74e57f
5955cbc8d3,94f58c71a2
6bb766babe,29299b4084
0789b7c3e4,b24f20533e
cf11e6c636,080701a07c
071fb1f13c,ff197bd074
fcb06e86a8,2395b1656a
d12c32eeb3,67d6f3a3ba
8959878cfb,fa452ca472
ffd56ee255,d132148535
29da749694,71a60cedda
aa7ba0a512,9be1814f5d
ec5a97b2ee,3ef990a907
1a83667c15,5b146a6d03
dca3108f1b,64ace6b898
ab2d036c0e,09106ffa89
152697441b,8a3023a29f
022f81a1cb,c2b13c295b
f6297e80b2,d45f476eb5
a9a3bbf131,fdde285659
3d556ea396,bee0e8e270
851168bc7d,4682283cfd
b33824d6ea,3abca07ab8
5d84e5e6ea,ab28e2d5b0
b6b7af6776,ec2d09c1fe
568ece573a,74a1b3f594
6c3854eda6,58355d20ab
5c54acecce,90926736ab
a3fedfded7,45e7d480f2
648bc1c21f,6b2bb4aaca
1412ff6909,a541b045ad
8f06beb6c5,bcd7a9db91
4c0a950054,746a51b543
6d4805b19c,a84660ccdb
b61e0323d3,d870a9f894
265d3722e1,3f6ead70bc
5ba7931b2f,20a3ec594d
c562119e8c,09711764b9
cd67dda9d3,1e363fce6a
f2e6789b5c,05b188cb9f
8455ddcb91,1617cf899c
aa4d6cba7b,90389fba41
e3ea198b19,c180bd442f
9d6740f32c,0fa40a1fd0
41cb15ba4b,f955ba77bf
eaa6910702,02875aab9c
10d84ecb43,ccc4653d06
8de29a0170,eff3687361
711b68a7d3,3e541a3dc4
4956a1c5a8,b80a6216fb
36d9d686f3,750e1e6269
b765b022d9,a4edd91146
2e6aafb157,eef478ccf1
2175176fed,d827a54702
8f30ee475b,98aa21b9e5
dedd382596,0fa458cfda
79b4f76036,e82b02b0da
61e1a8ed90,ce82601cb5
f053baa191,830628c643
edc7422065,f8b62b43dd
c4921c2ef0,53756390eb
f52a46ec71,7252b324d5
eddab48485,ad9f3338ed
a4d024858c,35df183647
64e3c3cf8c,95c85c0ccf
7612605584,dd0027f939
8bd23580b1,dc1f9f3800
63c5b4e005,0d9ba766e4
5e0f47346d,9f071d77d8
62a5ce0608,cfe74f6d36
4e4cb78201,94576ec8f1
85e6673533,672d85e78d
e1d1b230c3,3676e26486
0d3629e1f7,8edd9302ea
b68e71022b,aa1e47a28d
f4272dbc54,be6285a81d
032dc1386b,05cdac2565
29c846fb89,89d69150d2
83b90310fc,67b7eda323
ecbf4454b5,a1dee988df
579ec70fc9,c56256106b
4f1197cdb8,26cab532a6
9f27b665b2,2e2a2c8dbc
0af38fd572,7bcb6d2a76
326d956870,e021ee383e
61623567de,2164430e1e
8034732e7d,46c0786ab4
f6709859e5,ef19a027d5
d126e90546,c109d531a6
59ef50bf1b,bc0bf53c7b
4b11f94e81,ef12b50368
3c91b22ec1,8766b7f768
d49351692c,f8c920e53f
55c3e014ee,b2908e3ad8
0118303343,832a174691
12b6aed602,5097b7b41c
49f94b26b5,fe8a1e35af
c0061ec98f,2e4b67268f
da0810b5ec,7ecb58e1d1
30470c2ba6,b8c0b67368
3337340b50,94856b3dae
40815fee76,d178f96189
a46d581456,15ab7017e4
4a1d78982d,69fb912fd7
ad421e3bf3,639100496f
c592f0f2cb,3832ae0f9e
27fcdb735d,6c2d4e6d50
10b84d974f,078eafdd3f
985a60ea69,4b097c3583
2c56a90c60,e51b8992ee
16fffe95a9,98998a6dfa
15de07cb5f,fd9a9b93fb
c94245a846,a0e889dfec
7f16cc7e93,0a1d6fc2b6
87b022c1cd,659c7e4254
9d2651f84d,958c90eeff
66ef51ab1e,251e8741e8
c2e436edb2,dbc808ba34
d231c4380b,d0f6dbc1e9
55e817e78c,8ed7a54629
303f0a0fd7,392b1bda7e
d5e516891a,468630b312
44382e93eb,33e45cc61c
39f3baa409,f41e62a19b
0aa511159d,cc42b60294
ae8a656638,e6b12ba908
5fb0659d27,bc69450a36
9fa7e2649f,4864154236
42b12b102d,1837b9578e
a8bfd8712b,716bc7abff
5329c94267,75894490a7
dbd4cf676e,b8cdb4f538
0325788dc4,7c118c147f
7558cfa4d6,68dee82e05
c9d5a34d86,1d7ff4cdf5
e38f6763eb,7899c26cfc
175491d74f,bfd6cd85c0
b785259c70,b926feea01
721ce62f33,01077b1f46
72c3815b03,2bce731fbf
feb587d1f0,f19cab7aa4
f3485a7b81,4b82cd03fb
fae1686664,5ff4343dc5
495a7cb465,8b79668260
65e118e9f6,b450ff0488
50aa269300,baa84417e3
28f6bac713,2aff33166f
580fddfc81,bfe491fa44
f525e25f74,3a39ff7ee7
1bc2e4d032,31061465b1
94de5f78b9,2c7aa76c25
a7f98cd4a7,87debfc550
41fefb1e64,aa13b212bb
36f76437cb,b8b9903eb1
e3252b8326,f011eeacfe
a1c2a2c73f,192586c853
4a290a225e,b7158a84ba
e5405abb45,0ebeb5d649
2d5056cc59,f9abf4942b
13d40d209a,dba394c402
5c207b7a96,d8afe64e49
ab18f222f6,1c328cd93f
7e8a184cd7,2b6dd0745d
758469c49f,482b1d4b8d
d53b2b391a,68f58c9a60
024d595151,dcf18a4b38
bd324b7926,438ae5b2dc
815a88b50a,90f7409b9e
2b5a7e0c98,d86867cce0
4971948560,ca8222161b
7c13635c98,90bab90f70
9740c7f92f,00a050af9d
2415922301,ce461bc244
c3c022117a,89ae8034b0
fb6b926e0a,76cc8185be
7e3c30d9ef,bebb21f8f2
5cb2c52066,5e66f0dbc8
d9602f7b6c,cfe31fe385
87c374cea4,c7802e5970
92dcade1f5,e66c196cef
c9173bd250,3c185c2ced
f06ca295b4,18dfdfb3a5
ea37d2a607,c90eb938ae
a95d098786,569c4f9cb8
c549206537,82cd93a927
546a7de44c,bc587526c8
50f2164baf,fe1222b547
8ace28b6ef,9c318489ff
c9cb8ef503,2e4bf69d02
f112d48e81,1aedd0f5e9
25d7a31d65,c020e0cb76
630204b01c,5db5833328
c453ff12c2,1f7868509d
70dfe9e0cc,9d39ad8295
3f7210e88a,4968c28195
4433ec58f3,e0020c4f31
4aad801923,f8d5129c05
f67bd70570,11927b9978
80b9e0dcd2,491580ae27
bb7e3794f0,5b66fce07a
f6b88b6832,f6b88b6832
afdfbe20ff,ad752b42e7
55cf9b79e2,55cf9b79e2
e07bc13c97,e07bc13c97
3f06dbefaf,3f06dbefaf
75579efb55,75579efb55
554708d2ee,554708d2ee
aa00f51c66,aa00f51c66
01a224579a,16729a8d6a
a6996be7c4,a6996be7c4
1ecb40dafe,1ecb40dafe
eac590cbf5,eac590cbf5
e36abb2701,e36abb2701
bf840b2dc9,0aa47df6b0
ab3ad46cb2,ab3ad46cb2
42c90f1fbd,42c90f1fbd
6890a88e8d,6890a88e8d
8c19375c10,8c19375c10
4645a41e9e,4645a41e9e
df3cb56902,df3cb56902
fa236121e8,fa236121e8
